siteID,labno,dateOn,dateOff,Date_Time,yrmonth,ph,Conduc,flagCa,Ca,flagMg,Mg,flagK,K,flagNa,Na,flagNH4,NH4,flagNO3,NO3,flagCl,Cl,flagSO4,SO4,flagBr,Br,svol,ppt,subppt,valcode,invalcode,modifiedOn
CA75,TC9095SW,1/2/2007 20:35,1/9/2007 19:02,1/6/2007,200701,5.56,1.9, ,0.01, ,0.002, ,0.005, ,0.007, ,0.049, ,0.094, ,0.016, ,0.077,0,-9,1798.3,24.384,24.384,w ,            ,
CA75,TC9384SW,1/9/2007 19:03,1/16/2007 21:45,1/13/2007,200701,6.15,9.5, ,0.049, ,0.013, ,0.086, ,0.104, ,1.03, ,2.174, ,0.201, ,0.318,0,-9,480.3,6.858,6.858,w ,            ,
CA75,TC9930SW,1/23/2007 18:30,1/30/2007 19:15,1/27/2007,200701,5.95,5, ,0.108, ,0.01, ,0.021, ,0.026, ,0.423, ,1.298, ,0.034, ,0.186,0,-9,399.8,5.842,5.842,w ,            ,
CA75,TD0688SW,2/13/2007 19:46,2/20/2007 19:40,2/17/2007,200702,5.88,8.5, ,0.107, ,0.015, ,0.026, ,0.08, ,0.841, ,2.021, ,0.139, ,0.535,0,-9,295.1,4.826,4.826,w ,            ,
CA75,TD1276SW,2/27/2007 19:01,3/6/2007 20:45,3/3/2007,200703,5.7,2.5, ,0.013, ,0.004, ,0.006, ,0.057, ,0.145, ,0.169, ,0.1, ,0.121,0,-9,1054.3,16.256,16.256,w ,            ,
CA75,TD2047SW,3/20/2007 18:05,3/27/2007 20:28,3/24/2007,200703,6.26,6, ,0.097, ,0.012, ,0.031, ,0.045, ,0.637, ,0.724, ,0.061, ,0.33,0,-9,4095.1,59.182,59.182,w ,            ,
CA75,TD2315SW,3/27/2007 20:30,4/3/2007 18:41,3/31/2007,200703,5.76,3.8, ,0.051, ,0.014, ,0.045, ,0.079, ,0.246, ,0.459, ,0.128, ,0.189,0,-9,945.5,13.462,13.462,w ,            ,
CA75,TD2832SW,4/10/2007 20:58,4/17/2007 18:00,4/14/2007,200704,6.09,8, ,0.14, ,0.029, ,0.03, ,0.167, ,0.703, ,1.186, ,0.247, ,0.629,0,-9,1529.2,23.368,23.368,w ,            ,
CA75,TD3096SW,4/17/2007 18:02,4/24/2007 19:55,4/21/2007,200704,5.85,3.2, ,0.034, ,0.006, ,0.009, ,0.021, ,0.258, ,0.392, ,0.035, ,0.235,0,-9,2727.7,40.132,40.132,w ,            ,
CA75,TD3625SW,5/1/2007 20:16,5/8/2007 17:45,5/5/2007,200705,5.91,6.6, ,0.148, ,0.026, ,0.029, ,0.114, ,0.567, ,0.909, ,0.164, ,0.708,0,-9,351.9,4.064,4.064,w ,            ,
CA75,TD9004SW,9/18/2007 19:31,9/25/2007 19:25,9/22/2007,200709,6.28,8.1, ,0.142, ,0.023, ,0.064, ,0.1, ,0.816, ,1.389, ,0.18, ,0.371,0,-9,1030.8,14.224,14.224,w ,            ,
CA75,TD9537SW,10/2/2007 18:46,10/9/2007 17:10,10/6/2007,200710,6.01,8, ,0.121, ,0.047, ,0.033, ,0.375, ,0.527, ,1.037, ,0.614, ,0.611,0,-9,979.4,-9.99,14.426,w ,            ,
CA75,TD9803SW,10/9/2007 17:11,10/16/2007 20:27,10/13/2007,200710,6.46,10.1, ,0.162, ,0.023, ,0.039, ,0.112, ,1.13, ,1.961, ,0.121, ,0.452,0,-9,324.9,3.81,3.81,w ,            ,
CA75,TE0345SW,10/23/2007 19:06,10/30/2007 18:57,10/27/2007,200710,6.14,6.9, ,0.122, ,0.012, ,0.107, ,0.027, ,0.662, ,0.96, ,0.075, ,0.484,0,-9,385.9,13.716,13.716,w ,            ,
CA75,TE0884SW,11/6/2007 21:17,11/13/2007 19:33,11/10/2007,200711,5.6,2.3, ,0.012, ,0.002, ,0.007, ,0.005, ,0.103, ,0.222, ,0.017, ,0.077,0,-9,1504.7,21.59,21.59,w ,            ,
CA75,TE2011SW,12/4/2007 21:40,12/11/2007 20:10,12/8/2007,200712,5.55,1.9, ,0.004,<,0.001, ,0.007, ,0.006, ,0.072, ,0.147, ,0.016, ,0.051,0,-9,5218.1,87.63,87.63,w ,            ,
CA75,TE2308SW,12/11/2007 20:11,12/18/2007 18:25,12/15/2007,200712,5.31,2.4, ,0.012,<,0.001, ,0.009, ,0.004, ,0.006, ,0.151, ,0.015, ,0.071,0,-9,1189.1,18.034,18.034,w ,            ,
CA75,TE2715SW,12/24/2007 18:24,12/31/2007 19:00,12/28/2007,200712,6.1,13.9, ,0.067, ,0.015, ,0.026, ,0.118, ,1.554, ,3.659, ,0.227, ,0.78,0,-9,156.4,5.08,5.08,w ,            ,
CA75,TE3289SW,1/8/2008 21:46,1/15/2008 20:30,1/12/2008,200801,5.66,2.1, ,0.054, ,0.003, ,0.004, ,0.014,<,0.004, ,0.076, ,0.021, ,0.079,0,-9,363.9,5.08,5.08,w ,            ,
CA75,TE3864SW,1/22/2008 19:43,1/29/2008 20:07,1/26/2008,200801,5.73,1.8, ,0.013, ,0.005, ,0.005, ,0.031, ,0.078, ,0.123, ,0.06, ,0.057,0,-9,5018.7,71.12,71.12,w ,            ,
CA75,TE4092SW,1/29/2008 20:09,2/5/2008 20:39,2/2/2008,200802,5.35,2.3, ,0.013,<,0.001, ,0.004, ,0.011, ,0.069, ,0.188, ,0.024, ,0.093,0,-9,2449.4,77.724,77.724,w ,            ,
CA75,TE5700SW,3/11/2008 18:57,3/18/2008 20:20,3/15/2008,200803,6.01,5.6, ,0.06, ,0.023, ,0.037, ,0.184, ,0.409, ,0.686, ,0.294, ,0.395,0,-9,1179.7,18.034,18.034,w ,            ,
CA75,TE6167SW,3/25/2008 20:53,4/1/2008 20:36,3/29/2008,200803,5.53,6, ,0.063, ,0.018, ,0.104, ,0.021, ,0.395, ,0.646, ,0.055, ,0.695,0,-9,1553.2,22.86,22.86,w ,            ,
CA75,TF0118SW,7/8/2008 19:40,7/15/2008 17:37,7/12/2008,200807,7.02,26.4, ,0.472, ,0.076, ,0.259, ,0.134, ,3.214, ,3.229, ,0.143, ,1.373,0,-9,104.4,2.286,2.286,w ,            ,
CA75,TF3296SW,9/30/2008 20:22,10/7/2008 21:40,10/4/2008,200810,6.43,6.8, ,0.062, ,0.01, ,0.031, ,0.042, ,0.798, ,0.92, ,0.064, ,0.361,0,-9,1624.9,22.86,22.86,w ,            ,
CA75,TF4353SW,10/28/2008 19:43,11/4/2008 20:52,11/1/2008,200811,5.54,3.3, ,0.02, ,0.004, ,0.03, ,0.029, ,0.199, ,0.329, ,0.067, ,0.251,0,-9,5428.5,79.756,79.756,w ,            ,
CA75,TF4577SW,11/4/2008 20:53,11/12/2008 18:04,11/8/2008,200811,5.95,5.4, ,0.016, ,0.003, ,0.011, ,0.037, ,0.593, ,1.16, ,0.069, ,0.226,0,-9,1213.3,19.812,19.812,w ,            ,
CA75,TF5371SW,11/25/2008 18:14,12/2/2008 21:15,11/29/2008,200811,5.63,4, ,0.016, ,0.002, ,0.017, ,0.008, ,0.306, ,0.797, ,0.024, ,0.125,0,-9,1326.5,19.05,19.05,w ,            ,
CA75,TF5877SW,12/9/2008 19:48,12/16/2008 20:50,12/13/2008,200812,5.55,3.8, ,0.023, ,0.012, ,0.013, ,0.13, ,0.188, ,0.443, ,0.236, ,0.134,0,-9,2418.3,57.404,57.404,w ,            ,
CA75,TF6628SW,12/30/2008 19:46,1/6/2009 21:02,1/3/2009,200901,5.28,2.3, ,0.02, ,0.003, ,0.01, ,0.007, ,0.032, ,0.11, ,0.023, ,0.059,0,-9,297.7,4.826,4.826,w ,            ,
CA75,TF7417SW,1/20/2009 20:39,1/27/2009 19:43,1/24/2009,200901,5.96,2.9, ,0.096, ,0.011, ,0.021, ,0.023, ,0.19, ,0.408, ,0.044, ,0.129,0,-9,9042.3,127.762,127.762,w ,            ,
CA75,TF8183SW,2/10/2009 21:17,2/17/2009 19:05,2/14/2009,200902,5.55,2.1, ,0.017, ,0.004, ,0.003, ,0.035, ,0.03, ,0.094, ,0.069, ,0.056,0,-9,3731.4,87.376,87.376,w ,            ,
CA75,TF8437SW,2/17/2009 19:10,2/24/2009 21:03,2/21/2009,200902,5.28,2.8, ,0.019, ,0.002, ,0.011, ,0.015,<,0.006, ,0.119, ,0.034, ,0.137,0,-9,2574.4,38.1,38.1,w ,            ,
CA75,TF8925SW,3/3/2009 21:40,3/10/2009 19:46,3/7/2009,200903,5.9,3.4, ,0.056, ,0.015, ,0.011, ,0.153, ,0.21, ,0.291, ,0.237, ,0.221,0,-9,2229,34.29,34.29,w ,            ,
CA75,TF9424SW,3/17/2009 19:21,3/24/2009 20:23,3/21/2009,200903,6.15,4.4, ,0.099, ,0.014, ,0.018, ,0.13, ,0.351, ,0.54, ,0.087, ,0.38,0,-9,1808.4,28.194,28.194,w ,            ,
CA75,TF9959SW,3/31/2009 17:49,4/7/2009 17:50,4/4/2009,200904,6.16,16, ,0.342, ,0.088, ,0.094, ,0.534, ,1.236, ,3.16, ,0.732, ,1.021,0,-9,48.5,2.286,2.286,w ,            ,
CA75,TG0175SW,4/7/2009 17:53,4/14/2009 20:52,4/11/2009,200904,6.2,5.4, ,0.16, ,0.023, ,0.028, ,0.247, ,0.321, ,0.461, ,0.154, ,0.668,0,-9,3368.6,50.292,50.292,w ,            ,
CA75,TG0705SW,4/21/2009 19:03,4/28/2009 20:38,4/25/2009,200904,6.25,44.9, ,1.355, ,0.371, ,0.357, ,2.237, ,2.171, ,5.731, ,3.469, ,4.614,0,-9,24.3,0.508,0.508,wd,            ,
CA75,TG0932SW,4/28/2009 20:40,5/5/2009 19:10,5/2/2009,200905,5.91,4.2, ,0.108, ,0.013, ,0.017, ,0.028, ,0.328, ,0.559, ,0.059, ,0.416,0,-9,2774.5,38.354,38.354,w ,            ,
CA75,TG2236SW,6/2/2009 19:36,6/9/2009 19:56,6/6/2009,200906,6.41,7.3, ,0.089, ,0.012, ,0.041, ,0.039, ,0.851, ,0.885, ,0.05, ,0.515,0,-9,1705.2,-9.99,25.117,w ,            ,
CA75,TG6819SW,10/6/2009 20:31,10/13/2009 18:53,10/10/2009,200910,5.55,2.8, ,0.053, ,0.009, ,0.071, ,0.017, ,0.093, ,0.284, ,0.035, ,0.077,0,-9,1338.6,18.034,18.034,w ,            ,
CA75,TG7087SW,10/13/2009 18:55,10/20/2009 17:55,10/17/2009,200910,5.79,1.5, ,0.018,<,0.001, ,0.006, ,0.004, ,0.029, ,0.053, ,0.009, ,0.035,0,-9,12308.8,196.85,196.85,w ,            ,
CA75,TG8092SW,11/10/2009 18:45,11/17/2009 20:50,11/14/2009,200911,6.66,13.3, ,0.047, ,0.007, ,0.041, ,0.035, ,1.657, ,2.988, ,0.088, ,0.613,0,-9,394.9,7.62,7.62,w ,            ,
CA75,TG8588SW,11/24/2009 19:06,12/1/2009 21:00,11/28/2009,200911,6.84,12.5, ,0.071, ,0.009, ,0.023, ,0.043, ,1.537, ,3.02, ,0.101, ,0.554,0,-9,245.4,4.318,4.318,w ,            ,
CA75,TG8837SW,12/1/2009 21:04,12/8/2009 22:28,12/5/2009,200912,5.49,2.1, ,0.013, ,0.003, ,0.003, ,0.041, ,0.037, ,0.106, ,0.065, ,0.05,0,-9,1838.1,53.086,53.086,w ,            ,
CA75,TG9118SW,12/8/2009 22:33,12/15/2009 19:15,12/12/2009,200912,5.5,2.3, ,0.02, ,0.004, ,0.012, ,0.057, ,0.033, ,0.077, ,0.098, ,0.098,0,-9,9169.8,156.718,156.718,w ,            ,
CA75,TG9271SW,12/15/2009 20:20,12/22/2009 20:03,12/19/2009,200912,5.57,2.3, ,0.01,<,0.001, ,0.004, ,0.015, ,0.132, ,0.239, ,0.029, ,0.081,0,-9,1831.7,34.29,34.29,w ,            ,
CA75,TG9499SW,12/22/2009 20:03,12/29/2009 20:27,12/26/2009,200912,5.84,2.8, ,0.034, ,0.006, ,0.038, ,0.038, ,0.17, ,0.291, ,0.066, ,0.092,0,-9,321,7.62,7.62,w ,            ,
CA75,TG9813SW,12/29/2009 20:31,1/5/2010 21:48,1/2/2010,201001,5.21,3.1, ,0.019, ,0.002, ,0.004, ,0.019,<,0.01, ,0.166, ,0.042, ,0.11,0,-9,673.6,11.176,11.176,w ,            ,6/2/2011
CA75,TH0335SW,1/12/2010 21:13,1/19/2010 18:34,1/16/2010,201001,5.45,3.8, ,0.033, ,0.023, ,0.026, ,0.225, ,0.043, ,0.155, ,0.412, ,0.109,0,-9,4218.3,64.008,64.008,w ,            ,6/2/2011
CA75,TH1129SW,2/2/2010 21:00,2/9/2010 20:02,2/6/2010,201002,5.5,1.7, ,0.006,<,0.001, ,0.003, ,0.01, ,0.041, ,0.078, ,0.018, ,0.052,0,-9,5088.4,84.074,84.074,w ,            ,6/2/2011
CA75,TH1356SW,2/9/2010 20:04,2/16/2010 20:40,2/13/2010,201002,5.63,1.8, ,0.025, ,0.002, ,0.016, ,0.032, ,0.069, ,0.08, ,0.032, ,0.053,0,-9,201.5,4.064,4.064,w ,            ,6/2/2011
CA75,TH1620SW,2/16/2010 20:42,2/23/2010 20:47,2/20/2010,201002,6,4.6, ,0.043, ,0.005, ,0.007, ,0.027, ,0.494, ,0.787, ,0.047, ,0.264,0,-9,3006.8,58.928,58.928,w ,            ,6/2/2011
CA75,TH1880SW,2/23/2010 20:48,3/2/2010 20:22,2/27/2010,201002,5.39,2.3, ,0.013,<,0.001, ,0.003, ,0.011, ,0.075, ,0.217, ,0.019, ,0.065,0,-9,6954.8,102.616,102.616,w ,            ,6/2/2011
CA75,TH2127SW,3/2/2010 20:23,3/9/2010 20:53,3/6/2010,201003,5.67,4.1, ,0.034, ,0.011, ,0.008, ,0.089, ,0.236, ,0.286, ,0.159, ,0.451,0,-9,3398,69.342,69.342,w ,            ,6/2/2011
CA75,TH2362SW,3/9/2010 20:56,3/16/2010 17:31,3/13/2010,201003,5.79,2.3, ,0.042, ,0.005, ,0.008, ,0.018, ,0.129, ,0.175, ,0.035, ,0.141,0,-9,2289.9,38.608,38.608,w ,            ,6/2/2011
CA75,TH4193SW,4/27/2010 17:35,5/4/2010 18:03,5/1/2010,201005,6.29,4.1, ,0.068, ,0.01, ,0.013, ,0.058, ,0.408, ,0.273, ,0.09, ,0.195,0,-9,3370.1,57.912,57.912,w ,            ,6/2/2011
CA75,TH4392SW,5/4/2010 18:07,5/11/2010 19:49,5/8/2010,201005,6.33,7.6, ,0.11, ,0.026, ,0.041, ,0.155, ,0.725, ,0.875, ,0.247, ,0.646,0,-9,517.3,9.398,9.398,w ,            ,6/2/2011
CA75,TH4668SW,5/11/2010 19:52,5/18/2010 17:50,5/15/2010,201005,5.85,5.1, ,0.127, ,0.018, ,0.018, ,0.039, ,0.372, ,0.703, ,0.066, ,0.512,0,-9,872.5,12.446,12.446,w ,            ,6/2/2011
CA75,TH5145SW,5/24/2010 18:18,6/1/2010 17:10,5/28/2010,201005,6.46,10.7, ,0.32, ,0.061, ,0.104, ,0.284, ,0.79, ,0.978, ,0.402, ,0.902,0,-9,232.5,5.08,5.08,w ,            ,6/2/2011
CA75,TH8951SW,9/7/2010 17:04,9/14/2010 16:45,9/11/2010,201009,6.44,13.5, ,0.382, ,0.062, ,0.054, ,0.095, ,1.327, ,1.654, ,0.149, ,0.94,0,-9,64.4,1.524,1.524,w ,            ,6/2/2011
CA75,TH9736SW,9/28/2010 16:34,10/5/2010 16:24,10/2/2010,201010,6.44,12.4, ,0.188, ,0.03, ,0.114, ,0.061, ,1.354, ,1.939, ,0.116, ,0.678,0,-9,1130.1,17.272,17.272,w ,            ,6/2/2011
CA75,TH9964SW,10/5/2010 16:27,10/12/2010 16:37,10/9/2010,201010,6.23,8.4, ,0.069, ,0.017, ,0.044, ,0.108, ,0.894, ,1.397, ,0.157, ,0.617,0,-9,387.5,6.35,6.35,w ,            ,6/2/2011
CA75,TI0229SW,10/12/2010 16:37,10/19/2010 18:20,10/16/2010,201010,6.54,12.8, ,0.209, ,0.023, ,0.07, ,0.052, ,1.395, ,1.999, ,0.117, ,1.15,0,-9,336.4,5.08,5.08,w ,            ,6/2/2011
CA75,TI0470SW,10/19/2010 19:56,10/26/2010 20:59,10/23/2010,201010,5.74,2.2, ,0.01, ,0.002, ,0.006, ,0.02, ,0.141, ,0.168, ,0.038, ,0.086,0,-9,1852.9,26.924,26.924,w ,            ,6/2/2011
CA75,TI0713SW,10/26/2010 21:02,11/2/2010 19:40,10/30/2010,201010,6.22,7.6, ,0.12, ,0.013, ,0.032, ,0.048, ,0.772, ,1.71, ,0.053, ,0.328,0,-9,1682.6,25.654,25.654,w ,            ,6/2/2011
CA75,TI0996SW,11/2/2010 19:55,11/10/2010 16:36,11/6/2010,201011,5.91,3.2, ,0.039, ,0.005, ,0.011, ,0.015, ,0.296, ,0.329, ,0.03, ,0.174,0,-9,2471.4,36.576,36.576,w ,            ,6/2/2011
CA75,TI1225SW,11/10/2010 16:38,11/16/2010 19:21,11/13/2010,201011,5.43,5.1, ,0.023, ,0.004, ,0.007, ,0.02, ,0.425, ,1.028, ,0.038, ,0.25,0,-9,115.7,2.032,2.032,w ,            ,6/2/2011
CA75,TI1726SW,11/23/2010 20:15,11/30/2010 19:08,11/27/2010,201011,5.56,1.8, ,0.004,<,0.001, ,0.002, ,0.007, ,0.059, ,0.089, ,0.018, ,0.079,0,-9,2539.1,50.8,50.8,w ,            ,6/2/2011
CA75,TI1988SW,11/30/2010 19:11,12/7/2010 18:56,12/4/2010,201012,5.8,2.7, ,0.007,<,0.001, ,0.016, ,0.007, ,0.194, ,0.27, ,0.02, ,0.055,0,-9,1872.5,28.194,28.194,w ,            ,6/2/2011
CA75,TI2958SW,12/21/2010 22:16,12/28/2010 22:13,12/25/2010,201012,5.55,1.7, ,0.004,<,0.001, ,0.002,<,0.003, ,0.038, ,0.099, ,0.01, ,0.034,0,-9,3480.7,44.704,44.704,w ,            ,6/2/2011
CA75,TI2993SW,12/28/2010 22:18,1/4/2011 19:35,1/1/2011,201101,5.53,1.4, ,0.003,<,0.001, ,0.005, ,0.003,<,0.008, ,0.019, ,0.01, ,0.012,0,-9,-9,154.686,154.686,w ,            ,7/25/2012
CA75,TI3196SW,1/4/2011 20:25,1/11/2011 19:00,1/8/2011,201101,5.46,3.1, ,0.094, ,0.014, ,0.082, ,0.024,<,0.016, ,0.282, ,0.049, ,0.08,0,-9,39.5,0.508,0.508,wd,            ,7/25/2012
CA75,TI3938SW,1/25/2011 19:10,2/1/2011 19:05,1/29/2011,201101,5.2,3.1, ,0.019, ,0.009, ,0.01, ,0.072,<,0.008, ,0.151, ,0.123, ,0.082,0,-9,1109.1,21.336,21.336,w ,            ,7/25/2012
CA75,TI4681SW,2/15/2011 19:11,2/22/2011 19:15,2/19/2011,201102,5.78,3.2, ,0.024, ,0.01, ,0.011, ,0.082, ,0.161, ,0.22, ,0.13, ,0.15,0,-9,4616,115.316,115.316,w ,            ,7/25/2012
CA75,TI4940SW,2/22/2011 19:22,3/1/2011 20:37,2/26/2011,201102,5.4,2, ,0.013, ,0.002, ,0.002, ,0.013, ,0.045, ,0.099, ,0.024, ,0.072,0,-9,1906.9,140.97,140.97,w ,            ,8/3/2012
CA75,TI5158SW,3/1/2011 20:45,3/8/2011 19:02,3/5/2011,201103,5.93,2.3, ,0.012, ,0.002, ,0.003, ,0.01, ,0.209, ,0.193, ,0.02, ,0.104,0,-9,3950.8,46.736,46.736,w ,            ,7/25/2012
CA75,TI5859SW,3/15/2011 21:27,3/22/2011 21:04,3/19/2011,201103,6,3.5, ,0.091, ,0.019, ,0.016, ,0.087, ,0.2, ,0.204, ,0.134, ,0.324,0,-9,5171.2,-9.99,76.17,w ,            ,7/25/2012
CA75,TI5938SW,3/22/2011 21:21,3/29/2011 18:04,3/26/2011,201103,5.51,1.7, ,0.038, ,0.008, ,0.002, ,0.02, ,0.015, ,0.055, ,0.035, ,0.068,0,-9,3525.8,-9.99,51.933,w ,            ,7/25/2012
CA75,TI6407SW,4/5/2011 18:36,4/12/2011 18:00,4/9/2011,201104,5.64,3.6, ,0.024, ,0.011, ,0.025, ,0.052, ,0.216, ,0.282, ,0.076, ,0.338,0,-9,1854.8,47.498,47.498,w ,            ,7/25/2012
CA75,TI6660SW,4/12/2011 18:12,4/19/2011 17:54,4/16/2011,201104,6.47,25, ,0.464, ,0.118, ,0.114, ,0.567, ,2.201, ,4.32, ,0.65, ,2.549,0,-9,112,2.286,2.286,w ,            ,7/25/2012
CA75,TI6919SW,4/19/2011 17:54,4/26/2011 17:52,4/23/2011,201104,6.25,11.2, ,0.174, ,0.035, ,0.092, ,0.064, ,1.153, ,1.485, ,0.095, ,1.197,0,-9,336.9,5.588,5.588,w ,            ,7/25/2012
CA75,TI7390SW,5/3/2011 18:28,5/10/2011 18:42,5/7/2011,201105,6.46,11.6, ,0.157, ,0.039, ,0.044, ,0.196, ,1.235, ,1.22, ,0.275, ,1.031,0,-9,851.8,13.716,13.716,w ,            ,7/25/2012
CA75,TI7643SW,5/10/2011 18:48,5/17/2011 18:03,5/14/2011,201105,5.76,3.1, ,0.031, ,0.01, ,0.021, ,0.065, ,0.203, ,0.243, ,0.096, ,0.242,0,-9,1964.5,38.1,38.1,w ,            ,7/25/2012
CA75,TI7898SW,5/17/2011 18:08,5/24/2011 18:30,5/21/2011,201105,6,4.3, ,0.037, ,0.013, ,0.013, ,0.094, ,0.359, ,0.449, ,0.161, ,0.358,0,-9,1459.1,26.162,26.162,w ,            ,7/25/2012
CA75,TI8207SW,5/24/2011 18:38,5/31/2011 19:15,5/28/2011,201105,6.09,4.7, ,0.049, ,0.016, ,0.028, ,0.079, ,0.439, ,0.475, ,0.107, ,0.416,0,-9,1299.4,22.098,22.098,w ,            ,7/25/2012
CA75,TI8363SW,5/31/2011 19:22,6/7/2011 19:45,6/4/2011,201106,6.01,1.9, ,0.006, ,0.002, ,0.008, ,0.003, ,0.147, ,0.113, ,0.008, ,0.039,0,-9,1425,21.59,21.59,w ,            ,7/25/2012
CA75,TJ0378SW,7/26/2011 19:17,8/2/2011 19:45,7/30/2011,201107,5.58,10.6, ,0.238, ,0.04, ,0.132, ,0.063, ,0.854, ,2.456, ,0.137, ,0.646,0,-9,229.8,3.556,3.556,w ,            ,7/25/2012
CA75,TJ2895SW,10/4/2011 19:25,10/11/2011 19:10,10/8/2011,201110,5.54,2.1, ,0.021, ,0.006, ,0.015, ,0.039, ,0.053, ,0.108, ,0.059, ,0.075,0,-9,7022.9,113.03,113.03,w ,            ,7/25/2012
CA75,TJ3904SW,11/1/2011 17:57,11/8/2011 19:00,11/5/2011,201111,5.77,4.2, ,0.134, ,0.023, ,0.029, ,0.129, ,0.198, ,0.449, ,0.126, ,0.36,0,-9,2243.4,40.894,40.894,w ,            ,7/25/2012
CA75,TJ4180SW,11/8/2011 19:06,11/15/2011 19:07,11/12/2011,201111,5.18,4.9, ,0.024, ,0.004, ,0.015, ,0.006, ,0.147, ,0.528, ,0.027, ,0.292,0,-9,1434.1,20.32,20.32,w ,            ,7/25/2012
CA75,TJ4379SW,11/15/2011 19:12,11/22/2011 18:50,11/19/2011,201111,5.35,3.1, ,0.023, ,0.004, ,0.006, ,0.02, ,0.097, ,0.379, ,0.043, ,0.084,0,-9,767.6,13.208,13.208,w ,            ,7/25/2012
CA75,TJ6720SW,1/17/2012 19:05,1/24/2012 21:16,1/21/2012,201201,5.64,2.1, ,0.021, ,0.013, ,0.008, ,0.072, ,0.062, ,0.072, ,0.131, ,0.056,0,-9,-9,200.406,200.406,w ,            ,
CA75,TJ7265SW,1/31/2012 19:41,2/7/2012 19:30,2/4/2012,201202,5.05,6.4, ,0.088, ,0.01, ,0.027, ,0.016, ,0.112, ,0.619, ,0.056, ,0.38,0,-9,138.7,1.778,1.778,w ,            ,7/24/2013
CA75,TJ7785SW,2/14/2012 22:34,2/21/2012 19:25,2/18/2012,201202,5.7,2.5, ,0.013, ,0.004,<,0.003, ,0.029, ,0.161, ,0.357, ,0.042, ,0.071,0,-9,444.3,9.652,9.652,w ,            ,
CA75,TJ8029SW,2/21/2012 19:30,2/28/2012 19:38,2/25/2012,201202,5.87,4.1, ,0.032, ,0.014, ,0.01, ,0.17, ,0.24, ,0.443, ,0.297, ,0.189,0,-9,291.8,7.874,7.874,w ,            ,
CA75,TJ8210SW,2/28/2012 19:47,3/6/2012 19:37,3/3/2012,201203,6.07,3.6, ,0.034, ,0.007, ,0.013, ,0.042, ,0.36, ,0.413, ,0.053, ,0.153,0,-9,1766.4,33.274,33.274,w ,            ,
CA75,TJ8553SW,3/6/2012 19:40,3/13/2012 18:28,3/10/2012,201203,6.21,5.2, ,0.152, ,0.031, ,0.067, ,0.1, ,0.421, ,0.499, ,0.159, ,0.318,0,-9,218.4,5.588,5.588,w ,            ,7/24/2013
CA75,TJ9311SW,3/27/2012 19:13,4/3/2012 18:10,3/31/2012,201203,6.14,4.2, ,0.16, ,0.021, ,0.02, ,0.106, ,0.275, ,0.29, ,0.141, ,0.331,0,-9,1413.4,26.416,26.416,w ,            ,7/24/2013
CA75,TJ9553SW,4/3/2012 18:14,4/10/2012 17:55,4/7/2012,201204,6.38,15.8, ,0.189, ,0.086, ,0.156, ,0.578, ,1.261, ,2.3, ,0.867, ,1.266,0,-9,81.5,2.794,2.794,w ,            ,9/6/2013
CA75,TJ9706SW,4/10/2012 18:15,4/17/2012 18:17,4/14/2012,201204,5.28,5.7, ,0.075, ,0.019, ,0.018, ,0.106, ,0.209, ,0.356, ,0.181, ,0.71,0,-9,4301,126.492,126.492,w ,            ,
CA75,TK0334SW,4/24/2012 18:14,5/1/2012 18:32,4/28/2012,201204,5.92,4.3, ,0.02, ,0.004, ,0.016, ,0.006, ,0.42, ,0.692, ,0.027, ,0.228,0,-9,2974.8,46.736,46.736,w ,            ,
CA75,TK1613SW,5/29/2012 18:12,6/5/2012 18:10,6/2/2012,201206,6.33,8.4, ,0.283, ,0.048, ,0.227, ,0.073, ,0.61, ,1.136, ,0.104, ,0.765,0,-9,92,1.524,1.524,w ,            ,7/10/2013
CA75,TK6439SW,10/9/2012 18:30,10/16/2012 17:57,10/13/2012,201210,6.23,7.5, ,0.075, ,0.014, ,0.053, ,0.044, ,0.838, ,1.191, ,0.087, ,0.347,0,-9,453,10.668,10.668,w ,            ,
CA75,TK6668SW,10/16/2012 17:57,10/23/2012 19:38,10/20/2012,201210,5.7,3.1, ,0.035, ,0.011, ,0.11, ,0.028, ,0.151, ,0.258, ,0.049, ,0.248,0,-9,1155.9,17.526,17.526,w ,            ,
CA75,TK7441SW,11/6/2012 20:40,11/13/2012 21:00,11/10/2012,201211,6.1,9.1, ,0.184, ,0.05, ,0.042, ,0.302, ,0.716, ,1.106, ,0.534, ,0.739,0,-9,1279.2,25.4,25.4,w ,            ,
CA75,TK7534SW,11/13/2012 21:05,11/20/2012 21:03,11/17/2012,201211,5.75,2.7, ,0.019, ,0.003, ,0.015, ,0.012, ,0.212, ,0.335, ,0.033, ,0.089,0,-9,2029.3,32.512,32.512,w ,            ,
CA75,TK8229SW,11/27/2012 19:20,12/4/2012 20:46,12/1/2012,201212,5.43,2.4, ,0.039, ,0.006, ,0.011, ,0.035, ,0.027, ,0.158, ,0.037, ,0.102,0,-9,7112.6,110.236,110.236,w ,            ,
CA75,TK8762SW,12/11/2012 20:25,12/18/2012 19:49,12/15/2012,201212,5.64,2.8, ,0.008, ,0.006, ,0.005, ,0.045, ,0.158, ,0.302, ,0.08, ,0.122,0,-9,-9,57.404,57.404,w ,            ,7/24/2013
CA75,TK9167SW,12/27/2012 20:50,1/2/2013 21:58,12/30/2012,201212,5.04,6, ,0.022, ,0.005, ,0.004, ,0.019, ,0.144, ,0.893, ,0.057, ,0.087,0,-9,276.7,6.604,6.604,w ,            ,7/25/2014
CA75,TL1694SW,2/28/2013 21:30,3/5/2013 20:24,3/3/2013,201303,6.36,8.7, ,0.098, ,0.013, ,0.024, ,0.038, ,0.985, ,1.222, ,0.078, ,0.704,0,-9,116.2,2.286,2.286,w ,            ,7/25/2014
CA75,TL2020SW,3/5/2013 20:27,3/12/2013 17:54,3/9/2013,201303,6.11,4.5, ,0.156, ,0.022, ,0.015, ,0.105, ,0.324, ,0.509, ,0.115, ,0.349,0,-9,1375.5,23.622,23.622,w ,            ,7/25/2014
CA75,TL9479SW,9/17/2013 18:20,9/24/2013 18:07,9/21/2013,201309,7.28,34.6, ,2.835, ,0.337, ,0.606, ,0.62, ,1.642, ,1.844, ,0.581, ,2.309,0,-9,207.7,3.81,3.81,w ,            ,7/25/2014
CA75,TM1679SW,11/19/2013 20:31,11/26/2013 21:35,11/23/2013,201311,6.05,3.8,<,0.027,<,0.009, ,0.018, ,0.013, ,0.413, ,0.602, ,0.024, ,0.103,0,-9,1122.7,17.018,17.018,w ,            ,7/25/2014
CA75,TM2055SW,11/26/2013 21:39,12/3/2013 21:03,11/30/2013,201311,5.7,5.5, ,0.039,<,0.009, ,0.008, ,0.009, ,0.512, ,1.162, ,0.025, ,0.183,0,-9,108.5,2.032,2.032,w ,            ,7/25/2014
CA75,TM2265SW,12/3/2013 21:03,12/10/2013 21:07,12/7/2013,201312,5.74,3.7,<,0.027,<,0.009, ,0.019, ,0.06, ,0.289, ,0.493, ,0.109, ,0.113,0,-9,652.5,38.608,38.608,w ,            ,7/25/2014
CA75,TM2769SW,12/17/2013 20:43,12/23/2013 20:44,12/20/2013,201312,6.51,32.6, ,0.224, ,0.054, ,0.066, ,0.179, ,3.903, ,8.827, ,0.426, ,1.208,0,-9,87.8,2.032,2.032,w ,            ,7/25/2014
CA75,TM4415SW,1/28/2014 20:25,2/4/2014 20:28,2/1/2014,201402,6.01,4.1, ,0.021,<,0.005, ,0.018, ,0.028, ,0.439, ,0.633, ,0.044, ,0.207,0,-9,2585.5,44.704,44.704,w ,            ,6/8/2015
CA75,TM4604SW,2/4/2014 20:33,2/11/2014 19:53,2/8/2014,201402,5.47,2,<,0.019,<,0.005, ,0.007,<,0.005, ,0.031, ,0.094, ,0.01, ,0.046,0,-9,2389.7,38.1,38.1,w ,            ,6/8/2015
CA75,TM5375SW,2/25/2014 18:37,3/4/2014 20:48,3/1/2014,201403,5.64,2.7, ,0.02, ,0.01, ,0.015, ,0.07, ,0.123, ,0.141, ,0.129, ,0.09,0,-9,5626.6,98.044,98.044,w ,            ,6/8/2015
CA75,TM5663SW,3/4/2014 20:57,3/11/2014 18:09,3/8/2014,201403,5.52,11.5, ,0.084, ,0.05, ,0.314, ,0.051, ,1.035, ,2.315, ,0.073, ,0.753,0,-9,278.4,6.35,6.35,w ,            ,6/8/2015
CA75,TM6534SW,3/25/2014 19:22,4/1/2014 18:40,3/29/2014,201403,5.92,3.9, ,0.053, ,0.013, ,0.016, ,0.076, ,0.308, ,0.349, ,0.102, ,0.319,0,-9,4001.2,76.708,76.708,w ,            ,6/8/2015
CA75,TM6733SW,4/1/2014 18:45,4/8/2014 18:16,4/5/2014,201404,6.19,7.7, ,0.075, ,0.021, ,0.03, ,0.143, ,0.777, ,1.195, ,0.218, ,0.515,0,-9,2538.1,47.498,47.498,w ,            ,6/8/2015
CA75,TM7576SW,4/22/2014 20:22,4/29/2014 17:42,4/26/2014,201404,6.21,5.4, ,0.106, ,0.018, ,0.017, ,0.054, ,0.517, ,0.705, ,0.109, ,0.552,0,-9,3580.8,64.008,64.008,w ,            ,6/8/2015
CA75,TM7840SW,4/29/2014 17:42,5/6/2014 18:45,5/3/2014,201405,6.35,7.8, ,0.183, ,0.038, ,0.044, ,0.162, ,0.704, ,0.989, ,0.225, ,0.568,0,-9,1471.2,23.368,23.368,w ,            ,6/8/2015
CA75,TM8125SW,5/6/2014 18:50,5/13/2014 18:04,5/10/2014,201405,6.24,10.1, ,0.161, ,0.041, ,0.072, ,0.191, ,0.997, ,1.5, ,0.257, ,0.821,0,-9,116.9,4.572,4.572,w ,            ,6/8/2015
CA75,TM8356SW,5/13/2014 18:07,5/20/2014 19:47,5/17/2014,201405,6.45,9.3, ,0.175, ,0.038, ,0.073, ,0.195, ,0.919, ,0.856, ,0.31, ,0.575,0,-9,514.6,7.874,7.874,w ,            ,6/8/2015
CA75,TM8653SW,5/20/2014 19:53,5/27/2014 18:25,5/24/2014,201405,6.06,6.6, ,0.124, ,0.025, ,0.062, ,0.081, ,0.625, ,0.851, ,0.12, ,0.558,0,-9,442,8.636,8.636,w ,            ,6/8/2015
CA75,TN1565SW,8/5/2014 20:10,8/12/2014 19:08,8/9/2014,201408,6.88,41.7, ,0.744, ,0.142, ,0.362, ,0.292, ,4.741, ,5.632, ,0.382, ,2.597,0,-9,146.9,4.318,4.318,w ,            ,6/8/2015
CA75,TN2648SW,9/2/2014 20:08,9/9/2014 21:30,9/6/2014,201409,5.96,9.3, ,0.216, ,0.04, ,0.095, ,0.124, ,0.791, ,1.607, ,0.192, ,0.718,0,-9,-9,5.842,5.842,w ,            ,6/8/2015
CA75,TN3381SW,9/23/2014 19:19,9/30/2014 17:20,9/27/2014,201409,6.36,9, ,0.112, ,0.023, ,0.071, ,0.114, ,0.973, ,1.443, ,0.147, ,0.425,0,-9,1021.9,15.24,15.24,w ,            ,6/8/2015
CA75,TN4710SW,10/28/2014 17:46,11/4/2014 20:40,11/1/2014,201411,6.11,3.9, ,0.093, ,0.013, ,0.022, ,0.047, ,0.361, ,0.337, ,0.05, ,0.193,0,-9,3405.4,62.738,62.738,w ,            ,6/8/2015
CA75,TN5267SW,11/10/2014 21:25,11/18/2014 20:28,11/14/2014,201411,5.46,2.7, ,0.062, ,0.01, ,0.03, ,0.031, ,0.095, ,0.217, ,0.05, ,0.102,0,-9,551.1,9.652,9.652,w ,            ,6/8/2015
CA75,TN5434SW,11/18/2014 20:33,11/25/2014 19:42,11/22/2014,201411,6.22,7, ,0.086, ,0.009, ,0.013, ,0.03, ,0.815, ,1.32, ,0.048, ,0.258,0,-9,321.9,5.588,5.588,w ,            ,6/8/2015
CA75,TN5911SW,11/25/2014 19:45,12/2/2014 19:15,11/29/2014,201411,5.41,2,<,0.019,<,0.005, ,0.025,<,0.005, ,0.019, ,0.064, ,0.009, ,0.014,0,-9,816.4,12.192,12.192,w ,            ,6/8/2015
CA75,TN6080SW,12/2/2014 19:15,12/9/2014 20:04,12/6/2014,201412,5.42,2,<,0.019,<,0.005, ,0.007, ,0.005,<,0.017, ,0.067, ,0.01, ,0.029,0,-9,2002.6,32.512,32.512,w ,            ,6/8/2015
CA75,TN6435SW,12/16/2014 21:10,12/23/2014 20:49,12/20/2014,201412,5.47,2.2,<,0.019,<,0.005, ,0.005, ,0.009, ,0.049, ,0.11, ,0.019, ,0.033,0,-9,365.6,7.366,7.366,w ,            ,6/8/2015
CA75,TN6650SW,12/23/2014 21:10,12/30/2014 20:36,12/27/2014,201412,5.76,4.9, ,0.019, ,0.003, ,0.018, ,0.017, ,0.502, ,0.891, ,0.044, ,0.258,0,-9,446.9,8.89,8.89,w ,            ,6/8/2015
CA75,TN7874SW,1/20/2015 20:17,1/27/2015 20:05,1/24/2015,201501,5.24,3.9, ,0.037, ,0.007, ,0.033, ,0.014, ,0.084, ,0.467, ,0.024, ,0.089,0,-9,148.7,2.794,2.794,w ,            ,6/8/2015
CA75,TN8220SW,1/27/2015 20:07,2/3/2015 19:20,1/31/2015,201501,5.85,7, ,0.025, ,0.005, ,0.029, ,0.008, ,0.827, ,1.462, ,0.047, ,0.3,0,-9,149.9,5.334,5.334,w ,            ,6/8/2015
CA75,TN8379SW,2/3/2015 19:23,2/10/2015 20:15,2/7/2015,201502,5.78,2.5, ,0.015, ,0.004, ,0.007, ,0.059, ,0.156, ,0.065, ,0.05, ,0.235,0,-9,5681.8,89.408,89.408,w ,            ,
CA75,TN8916SW,2/17/2015 19:16,2/24/2015 21:46,2/21/2015,201502,5.43,3.4, ,0.01, ,0.002, ,0.004, ,0.014, ,0.216, ,0.295, ,0.027, ,0.131,0,-9,2570.8,71.628,71.628,w ,            ,
CA75,TO0825SW,4/7/2015 19:00,4/14/2015 18:00,4/11/2015,201504,6.03,2.9, ,0.062, ,0.01, ,0.016, ,0.037, ,0.206, ,0.156, ,0.06, ,0.154,0,-9,592.9,13.716,13.716,w ,            ,
CA75,TO1371SW,4/21/2015 16:51,4/28/2015 16:46,4/25/2015,201504,6.45,8.7, ,0.207, ,0.035, ,0.047, ,0.135, ,0.859, ,1.107, ,0.162, ,0.603,0,-9,1293.8,19.304,19.304,w ,            ,
CA75,TO1867SW,5/5/2015 19:30,5/12/2015 19:01,5/9/2015,201505,6.99,39.5, ,2.427, ,0.337, ,0.342, ,3.224, ,0.743, ,1.366, ,2.769, ,4.711,0,-9,173.5,3.048,3.048,w ,            ,
CA75,TO4492SW,7/14/2015 18:38,7/21/2015 18:45,7/18/2015,201507,6.76,13, ,0.123, ,0.021, ,0.071, ,0.087, ,1.556, ,1.367, ,0.185, ,0.916,0,-9,2358.2,35.56,35.56,w ,            ,
CA75,TO7433SW,9/29/2015 18:25,10/6/2015 19:03,10/3/2015,201510,6.27,6.6, ,0.244, ,0.037, ,0.057, ,0.153, ,0.459, ,1.092, ,0.221, ,0.276,0,-9,289,4.572,4.572,w ,            ,
CA75,TO7958SW,10/13/2015 17:37,10/20/2015 19:02,10/17/2015,201510,6.59,9.2, ,0.068, ,0.009, ,0.042, ,0.026, ,1.149, ,1.528, ,0.048, ,0.378,0,-9,3283.8,48.768,48.768,w ,            ,
CA75,TO8483SW,10/27/2015 18:51,11/3/2015 20:17,10/31/2015,201510,6.01,2.8, ,0.019, ,0.002, ,0.012, ,0.008, ,0.296, ,0.293, ,0.018, ,0.093,0,-9,3022.6,50.8,50.8,w ,            ,
CA75,TO9289SW,11/3/2015 20:19,11/10/2015 23:04,11/7/2015,201511,6.03,4.7, ,0.017, ,0.008, ,0.013, ,0.053, ,0.5, ,0.756, ,0.097, ,0.188,0,-9,1584.8,29.972,29.972,w ,            ,
CA75,TO9294SW,11/10/2015 23:42,11/17/2015 22:50,11/14/2015,201511,5.82,3.4, ,0.021, ,0.009, ,0.011, ,0.06, ,0.259, ,0.454, ,0.108, ,0.104,0,-9,1933,38.862,38.862,w ,            ,
CA75,TO9470SW,11/24/2015 20:55,12/1/2015 22:34,11/28/2015,201511,5.94,6.4, ,0.072, ,0.014, ,0.031, ,0.086, ,0.621, ,1.264, ,0.172, ,0.261,0,-9,1220.8,21.59,21.59,w ,            ,
CA75,TP0489SW,12/15/2015 20:48,12/22/2015 21:15,12/19/2015,201512,5.45,1.7,<,0.009,<,0.002, ,0.004,<,0.003,<,0.019, ,0.042,<,0.005, ,0.015,0,-9,5508.9,82.296,82.296,w ,            ,1/31/2023
CA75,TP1317SW,1/12/2016 23:10,1/19/2016 20:15,1/16/2016,201601,5.37,2.1,<,0.009,<,0.002, ,0.007, ,0.017, ,0.02, ,0.06, ,0.029, ,0.03,0,-9,2898.8,42.164,42.164,w ,            ,3/17/2017
CA75,TP1771SW,1/19/2016 20:15,1/26/2016 18:53,1/23/2016,201601,5.43,1.9,<,0.009,<,0.002,<,0.004, ,0.005,<,0.019, ,0.068, ,0.012, ,0.035,0,-9,4638.9,70.358,70.358,w ,            ,1/31/2023
CA75,TP2683SW,2/16/2016 19:55,2/23/2016 21:20,2/20/2016,201602,5.66,3.1, ,0.026, ,0.009, ,0.01, ,0.064, ,0.151, ,0.212, ,0.118, ,0.151,0,-9,2215.3,40.386,40.386,w ,            ,3/17/2017
CA75,TP3198SW,3/1/2016 21:58,3/8/2016 21:53,3/5/2016,201603,5.62,2.7, ,0.016, ,0.012, ,0.011, ,0.095, ,0.107, ,0.11, ,0.173, ,0.089,0,-9,6390.5,103.632,103.632,w ,            ,3/17/2017
CA75,TP3539SW,3/8/2016 21:58,3/15/2016 21:57,3/12/2016,201603,5.68,2, ,0.026, ,0.002, ,0.007, ,0.013, ,0.126, ,0.121, ,0.022, ,0.062,0,-9,2381.7,45.466,45.466,w ,            ,3/17/2017
CA75,TP3808SW,3/15/2016 21:57,3/22/2016 21:46,3/19/2016,201603,6.19,9.2, ,0.154, ,0.07, ,0.05, ,0.508, ,0.549, ,0.571, ,0.887, ,0.756,0,-9,431.3,6.858,6.858,w ,            ,
CA75,TP4066SW,3/22/2016 21:48,3/29/2016 21:15,3/26/2016,201603,6.31,8, ,0.121, ,0.032, ,0.052, ,0.172, ,0.772, ,0.981, ,0.247, ,0.544,0,-9,312.9,5.334,5.334,w ,            ,
CA75,TP4310SW,3/29/2016 21:15,4/5/2016 20:00,4/2/2016,201604,6.15,6.2, ,0.085, ,0.02, ,0.021, ,0.152, ,0.572, ,0.692, ,0.204, ,0.306,0,-9,116.5,5.08,5.08,w ,            ,
CA75,TP4572SW,4/5/2016 20:22,4/12/2016 17:32,4/9/2016,201604,5.85,3.1, ,0.024, ,0.004, ,0.011, ,0.023, ,0.301, ,0.321, ,0.028, ,0.181,0,-9,2613.9,39.878,39.878,w ,            ,
CA75,TP5630SW,5/3/2016 21:37,5/10/2016 18:03,5/7/2016,201605,6.35,6.7, ,0.061, ,0.01, ,0.017, ,0.054, ,0.803, ,0.791, ,0.079, ,0.438,0,-9,1164.2,19.558,19.558,w ,            ,
CA75,TQ1812SW,10/11/2016 19:51,10/18/2016 19:33,10/15/2016,201610,7.08,24.1, ,1.895, ,0.148, ,0.25, ,0.65, ,1.156, ,1.25, ,0.334, ,2.049,0,-9,122.3,2.286,2.286,w ,            ,
CA75,TQ2286SW,10/26/2016 16:34,11/1/2016 18:09,10/29/2016,201610,5.8,4, ,0.032, ,0.006, ,0.035, ,0.013, ,0.336, ,0.53, ,0.042, ,0.275,0,-9,4491.8,70.612,70.612,w ,            ,
CA75,TQ3208SW,11/15/2016 20:40,11/22/2016 20:52,11/19/2016,201611,6.15,5.7, ,0.059, ,0.009, ,0.016, ,0.041, ,0.673, ,0.688, ,0.057, ,0.217,0,-9,224.1,3.302,3.302,w ,            ,
CA75,TQ3315SW,11/22/2016 20:54,11/29/2016 21:28,11/26/2016,201611,5.5,3, ,0.051, ,0.007, ,0.01, ,0.033, ,0.184, ,0.25, ,0.039, ,0.16,0,-9,1975.2,52.324,52.324,w ,            ,3/17/2017
CA75,TQ3938SW,12/6/2016 22:08,12/13/2016 21:08,12/10/2016,201612,5.54,1.9,<,0.009, ,0.002, ,0.018, ,0.004, ,0.029, ,0.041, ,0.011, ,0.027,0,-9,1169.7,17.78,17.78,w ,            ,3/17/2017
CA75,TQ4059SW,12/13/2016 21:48,12/20/2016 21:42,12/17/2016,201612,5.41,1.7,<,0.009,<,0.002, ,0.007, ,0.007,<,0.019, ,0.022, ,0.015, ,0.024,0,-9,8679.5,138.176,138.176,w ,            ,1/31/2023
CA75,TQ5995SW,1/31/2017 21:27,2/7/2017 20:45,2/4/2017,201702,5.28,2.5, ,0.019, ,0.004, ,0.017, ,0.025, ,0.021, ,0.093, ,0.049, ,0.124,0,-9,10732.5,201.422,201.422,w ,            ,
CA75,TQ6226SW,2/7/2017 20:45,2/14/2017 21:56,2/11/2017,201702,5.22,2.8, ,0.008,<,0.002, ,0.006, ,0.009, ,0.034, ,0.127, ,0.022, ,0.12,0,-9,5222.9,75.438,75.438,w ,            ,
CA75,TQ6495SW,2/14/2017 22:00,2/21/2017 22:14,2/18/2017,201702,5.27,2.5, ,0.01, ,0.004, ,0.007, ,0.031, ,0.028, ,0.103, ,0.063, ,0.072,0,-9,8920.1,132.842,132.842,w ,            ,
CA75,TQ7051SW,2/28/2017 19:11,3/7/2017 20:21,3/4/2017,201703,5.67,3.4, ,0.028, ,0.012, ,0.019, ,0.098, ,0.209, ,0.343, ,0.171, ,0.122,0,-9,1593.8,34.798,34.798,w ,            ,
CA75,TQ7528SW,3/14/2017 20:32,3/21/2017 20:25,3/18/2017,201703,5.45,2.2, ,0.018, ,0.004, ,0.01, ,0.008, ,0.035, ,0.096, ,0.02, ,0.057,0,-9,1539.5,22.352,22.352,w ,            ,
CA75,TQ8229SW,3/28/2017 18:44,4/4/2017 19:34,4/1/2017,201704,6.28,12.2, ,0.149, ,0.031, ,0.081, ,0.074, ,1.398, ,1.459, ,0.115, ,1.147,0,-9,-9,14.478,14.478,w ,            ,
CA75,TQ8422SW,4/4/2017 19:40,4/11/2017 19:16,4/8/2017,201704,5.57,3.4, ,0.045, ,0.015, ,0.02, ,0.073, ,0.171, ,0.353, ,0.148, ,0.193,0,-9,5145.3,80.518,80.518,w ,            ,
CA75,TQ8672SW,4/11/2017 19:20,4/18/2017 19:45,4/15/2017,201704,5.91,2.9, ,0.076, ,0.01, ,0.012, ,0.018, ,0.214, ,0.274, ,0.038, ,0.177,0,-9,2035,29.972,29.972,w ,            ,
CA75,TQ9053SW,4/18/2017 19:45,4/25/2017 19:43,4/22/2017,201704,5.49,2.8, ,0.068, ,0.01, ,0.007, ,0.008, ,0.085, ,0.21, ,0.024, ,0.199,0,-9,727,11.43,11.43,w ,            ,
CA75,TQ9415SW,5/2/2017 22:43,5/9/2017 19:04,5/6/2017,201705,6.38,7.3, ,0.218, ,0.033, ,0.031, ,0.108, ,0.668, ,0.717, ,0.203, ,0.485,0,-9,844.2,13.716,13.716,w ,            ,
CA75,TQ9753SW,5/9/2017 19:06,5/16/2017 19:10,5/13/2017,201705,6.28,7.9, ,0.089, ,0.027, ,0.094, ,0.218, ,0.753, ,0.651, ,0.315, ,0.491,0,-9,688.7,11.176,11.176,w ,            ,
CA75,TR0609SW,5/30/2017 21:19,6/6/2017 20:30,6/3/2017,201706,5.94,9.7, ,0.179, ,0.028, ,0.033, ,0.067, ,0.993, ,1.564, ,0.149, ,0.568,0,-9,212.7,3.302,3.302,w ,            ,
CA75,TR0758SW,6/6/2017 20:38,6/13/2017 18:22,6/10/2017,201706,6,6.5, ,0.161, ,0.037, ,0.083, ,0.142, ,0.516, ,0.517, ,0.246, ,0.506,0,-9,500.3,7.62,7.62,w ,            ,
CA75,TR4676SW,9/19/2017 21:05,9/26/2017 19:52,9/23/2017,201709,6.21,5.4, ,0.069, ,0.017, ,0.02, ,0.086, ,0.595, ,0.572, ,0.139, ,0.287,0,-9,1169.3,-9.99,17.223,w ,            ,
CA75,TR6279SW,10/31/2017 21:47,11/8/2017 22:43,11/4/2017,201711,6.54,13, ,0.122, ,0.022, ,0.041, ,0.124, ,1.667, ,1.702, ,0.175, ,0.548,0,-9,172.4,-9.99,2.539,w ,            ,
CA75,TR6612SW,11/14/2017 21:18,11/22/2017 0:59,11/18/2017,201711,5.6,3.6, ,0.042, ,0.005, ,0.01, ,0.015, ,0.265, ,0.311, ,0.053, ,0.373,0,-9,3728,56.388,56.388,w ,            ,
CA75,TR7012SW,11/22/2017 1:03,11/28/2017 20:18,11/25/2017,201711,6.28,4.8, ,0.038, ,0.01, ,0.011, ,0.058, ,0.585, ,0.245, ,0.102, ,0.14,0,-9,1912.7,31.242,31.242,w ,            ,
CA75,TR8539SW,1/2/2018 21:18,1/10/2018 19:06,1/6/2018,201801,5.57,2.1,<,0.006, ,0.003, ,0.019, ,0.003, ,0.101, ,0.109, ,0.016, ,0.053,0,-9,4583.8,-9.99,72.397,w ,            ,9/11/2019
CA75,TR9002SW,1/16/2018 22:02,1/23/2018 22:14,1/20/2018,201801,6.05,4.4, ,0.025, ,0.012, ,0.02, ,0.095, ,0.445, ,0.488, ,0.163, ,0.15,0,-9,1316.3,-9.99,19.388,w ,            ,
CA75,TR9263SW,1/23/2018 22:46,1/30/2018 22:40,1/27/2018,201801,5.89,5.4, ,0.101, ,0.033, ,0.034, ,0.235, ,0.324, ,0.535, ,0.386, ,0.209,0,-9,592.8,-9.99,8.731,w ,            ,
CA75,TR9766SW,2/6/2018 21:43,2/13/2018 18:10,2/10/2018,201802,6.27,9.9, ,0.228, ,0.052, ,0.047, ,0.461, ,0.748, ,0.864, ,0.562, ,0.739,0,-9,217.3,-9.99,3.2,w ,            ,
CA75,TS0075SW,2/13/2018 18:15,2/21/2018 22:10,2/17/2018,201802,5.94,6.2, ,0.064, ,0.054, ,0.033, ,0.454, ,0.295, ,0.264, ,0.817, ,0.24,0,-9,782.9,-9.99,11.531,w ,            ,
CA75,TS0269SW,2/21/2018 22:15,2/27/2018 22:11,2/24/2018,201802,5.79,4.1, ,0.088, ,0.019, ,0.019, ,0.098, ,0.31, ,0.44, ,0.158, ,0.161,0,-9,901.5,-9.99,13.278,w ,            ,
CA75,TS0593SW,2/27/2018 22:18,3/6/2018 20:55,3/3/2018,201803,5.59,2.2, ,0.023, ,0.007, ,0.007, ,0.038, ,0.098, ,0.109, ,0.066, ,0.078,0,-9,4142.3,-9.99,61.014,w ,            ,
CA75,TS1894SW,4/3/2018 20:50,4/10/2018 20:15,4/7/2018,201804,5.44,1.6, ,0.01,<,0.002, ,0.006,<,0.002,<,0.018, ,0.036, ,0.01, ,0.024,0,-9,3953.7,-9.99,58.236,w ,            ,
CA75,TS2086SW,4/10/2018 20:30,4/17/2018 19:40,4/14/2018,201804,6.1,5, ,0.107, ,0.026, ,0.032, ,0.125, ,0.396, ,0.497, ,0.207, ,0.304,0,-9,1176.3,-9.99,17.326,w ,            ,
CA75,TS2390SW,4/17/2018 19:45,4/24/2018 16:52,4/21/2018,201804,6.23,10.8, ,0.141, ,0.031, ,0.031, ,0.164, ,1.187, ,1.82, ,0.244, ,0.723,0,-9,710.3,-9.99,10.462,w ,            ,
CA75,TS2648SW,4/24/2018 16:59,5/1/2018 18:17,4/28/2018,201804,6.78,12.3, ,0.138, ,0.049, ,0.07, ,0.241, ,1.396, ,1.371, ,0.338, ,0.955,0,-9,39.8,-9.99,0.586,wi,            ,
CA75,TS2914SW,5/1/2018 18:22,5/8/2018 18:25,5/5/2018,201805,6.25,7.1, ,0.097, ,0.024, ,0.033, ,0.148, ,0.736, ,0.669, ,0.205, ,0.456,0,-9,536.6,-9.99,9.64,w ,            ,9/11/2019
CA75,TS3588SW,5/22/2018 18:05,5/29/2018 22:12,5/26/2018,201805,6.74,15, ,0.139, ,0.019, ,0.036, ,0.055, ,2.001, ,1.389, ,0.088, ,0.816,0,-9,316.6,-9.99,4.663,w ,            ,
CA75,TT4389SW,9/25/2018 18:42,10/2/2018 19:59,9/29/2018,201809,6.03,7.2, ,0.175, ,0.025, ,0.061, ,0.067, ,0.734, ,1.159, ,0.086, ,0.518,0,-9,438.7,7.112,7.112,w ,            ,4/12/2020
CA75,TT4668SW,10/2/2018 20:04,10/9/2018 19:56,10/6/2018,201810,6.34,9.9, ,0.128, ,0.021, ,0.063, ,0.053, ,1.177, ,1.188, ,0.077, ,0.49,0,-9,3094.5,89.916,89.916,w ,            ,4/12/2020
CA75,TT6435SW,11/20/2018 20:27,11/28/2018 15:31,11/24/2018,201811,5.9,4.3, ,0.105, ,0.021, ,0.026, ,0.09, ,0.303, ,0.427, ,0.158, ,0.167,0,-9,2003.1,-9.99,29.504,w ,            ,4/12/2020
CA75,TU0247SW,3/19/2019 19:27,3/26/2019 17:47,3/23/2019,201903,6.09,5.2, ,0.059, ,0.008, ,0.012, ,0.048, ,0.563, ,0.676, ,0.069, ,0.272,0,-9,1663,28.702,28.702,w ,            ,4/12/2020
CA75,TU0492SW,3/26/2019 17:52,4/2/2019 19:03,3/30/2019,201903,6,5.3, ,0.051, ,0.018, ,0.077, ,0.056, ,0.484, ,0.577, ,0.095, ,0.317,0,-9,781.3,11.43,11.43,w ,            ,4/12/2020
CA75,TU0784SW,4/2/2019 19:10,4/9/2019 19:06,4/6/2019,201904,6.28,9.2, ,0.128, ,0.019, ,0.036, ,0.058, ,1.096, ,1.114, ,0.083, ,0.502,0,-9,1787,21.336,21.336,w ,            ,4/12/2020
CA75,TU1019SW,4/9/2019 19:13,4/16/2019 18:25,4/13/2019,201904,6.05,6.9, ,0.127, ,0.029, ,0.073, ,0.092, ,0.639, ,0.842, ,0.111, ,0.369,0,-9,1312.6,17.018,17.018,w ,            ,4/12/2020
CA75,TU2020SW,5/7/2019 18:55,5/14/2019 18:42,5/11/2019,201905,6.28,11.3, ,0.136, ,0.025, ,0.067, ,0.083, ,1.322, ,1.24, ,0.085, ,0.917,0,-9,2802.9,40.132,40.132,w ,            ,7/5/2020
CA75,TU2264SW,5/14/2019 18:46,5/21/2019 16:21,5/18/2019,201905,6.01,3.2, ,0.043, ,0.01, ,0.02, ,0.061, ,0.244, ,0.235, ,0.101, ,0.172,0,-9,6611.4,133.858,133.858,w ,            ,7/5/2020
CA75,TU2606SW,5/21/2019 16:21,5/28/2019 17:48,5/25/2019,201905,6.02,4.6, ,0.065, ,0.017, ,0.029, ,0.119, ,0.363, ,0.423, ,0.188, ,0.284,0,-9,2396,-9.99,35.292,w ,            ,
CA75,TU9362SW,11/19/2019 19:44,11/26/2019 19:09,11/23/2019,201911,5.94,6.1, ,0.048, ,0.009, ,0.017, ,0.045, ,0.675, ,0.87, ,0.083, ,0.258,0,-9,495.7,9.144,9.144,w ,            ,
CA75,TU9535SW,11/26/2019 19:13,12/3/2019 20:42,11/30/2019,201911,5.52,2.3, ,0.028, ,0.006, ,0.015, ,0.028, ,0.077, ,0.148, ,0.052, ,0.071,0,-9,3781.6,143.002,143.002,w ,            ,
CA75,TU9710SW,12/3/2019 20:52,12/10/2019 19:42,12/7/2019,201912,5.36,2,<,0.023,<,0.006, ,0.005, ,0.012, ,0.018, ,0.064, ,0.025, ,0.04,0,-9,4895.9,88.9,88.9,w ,            ,
CA75,TV0130SW,12/10/2019 19:53,12/17/2019 21:25,12/14/2019,201912,5.49,2.7,<,0.023,<,0.006, ,0.008, ,0.031, ,0.136, ,0.228, ,0.048, ,0.112,0,-9,1499.6,23.368,23.368,w ,            ,
CA75,TV0257SW,12/17/2019 21:30,12/23/2019 20:27,12/20/2019,201912,5.29,2.3,<,0.023,<,0.006, ,0.007,<,0.01, ,0.023, ,0.098,<,0.018, ,0.069,0,-9,1240.9,18.796,18.796,w ,            ,
CA75,TV0408SW,12/23/2019 20:30,12/31/2019 21:18,12/27/2019,201912,5.61,1.9,<,0.023,<,0.006,<,0.005,<,0.01, ,0.108, ,0.168,<,0.018, ,0.052,0,-9,1945,-9.99,28.649,w ,            ,
CA75,TV1542SW,1/14/2020 21:44,1/21/2020 21:17,1/18/2020,202001,5.44,2.4, ,0.026,<,0.006, ,0.011, ,0.014, ,0.089, ,0.196, ,0.025, ,0.056,0,-9,1073.3,24.638,24.638,w ,            ,
CA75,TV1543SW,1/21/2020 21:23,1/28/2020 21:02,1/25/2020,202001,5.23,4.1, ,0.03,<,0.006, ,0.014, ,0.025, ,0.167, ,0.383, ,0.05, ,0.236,0,-9,153,2.032,2.032,w ,            ,
CA75,TV2665SW,2/18/2020 22:43,2/25/2020 22:56,2/22/2020,202002,5.78,2.6, ,0.029,<,0.006, ,0.005, ,0.01, ,0.222, ,0.31, ,0.022, ,0.129,0,-9,885.7,13.97,13.97,w ,            ,
CA75,TV3019SW,3/3/2020 20:45,3/10/2020 18:11,3/7/2020,202003,6.55,11.9, ,0.14, ,0.025, ,0.052, ,0.156, ,1.315, ,1.55, ,0.197, ,0.61,0,-9,44.9,2.286,2.286,w ,            ,
CA75,TV4087SW,3/24/2020 21:41,3/31/2020 23:05,3/28/2020,202003,6.11,3.3,<,0.023,<,0.006, ,0.006, ,0.023, ,0.329, ,0.24, ,0.043, ,0.223,0,-9,1687.9,30.734,30.734,w ,            ,
CA75,TV3998SW,3/31/2020 23:10,4/7/2020 19:19,4/4/2020,202004,5.98,2, ,0.034,<,0.006, ,0.006, ,0.023, ,0.148, ,0.136, ,0.035, ,0.105,0,-9,4452,108.966,108.966,w ,            ,
CA75,TV4270SW,4/7/2020 19:28,4/14/2020 21:02,4/11/2020,202004,6.07,4.1, ,0.027,<,0.006, ,0.014, ,0.014, ,0.469, ,0.409, ,0.028, ,0.274,0,-9,2848.5,45.72,45.72,w ,            ,
CA75,TV4737SW,4/14/2020 21:08,4/21/2020 19:05,4/18/2020,202004,6.11,5.2, ,0.036, ,0.007, ,0.012, ,0.045, ,0.605, ,0.454, ,0.065, ,0.325,0,-9,1922.4,28.956,28.956,w ,            ,
CA75,TV5425SW,5/14/2020 20:38,5/19/2020 23:10,5/17/2020,202005,6.01,3.7, ,0.052, ,0.013, ,0.018, ,0.075, ,0.306, ,0.286, ,0.115, ,0.189,0,-9,2973.7,49.784,49.784,w ,            ,
CA75,TV6053SW,5/19/2020 23:10,5/26/2020 23:15,5/23/2020,202005,5.75,2.8, ,0.025,<,0.006, ,0.012, ,0.026, ,0.224, ,0.257, ,0.065, ,0.112,0,-9,169.3,-9.99,2.493,w ,            ,
CA75,TW1838SW,11/3/2020 21:04,11/10/2020 23:30,11/7/2020,202011,6.54,10.4, ,0.373, ,0.074, ,0.071, ,0.374, ,0.699, ,0.784, ,0.66, ,0.444,0,-9,2237.5,46.99,46.99,w ,            ,
CA75,TW2887SW,12/8/2020 20:20,12/15/2020 22:20,12/12/2020,202012,5.75,2.1, ,0.097, ,0.009, ,0.023, ,0.024, ,0.056, ,0.126, ,0.042, ,0.047,0,-9,2486.4,39.624,39.624,w ,            ,
CA75,TW3298SW,12/15/2020 22:25,12/22/2020 21:49,12/19/2020,202012,5.71,4.5, ,0.103, ,0.012, ,0.02, ,0.073, ,0.299, ,0.79, ,0.099, ,0.219,0,-9,660.3,11.43,11.43,w ,            ,
CA75,TW3680SW,12/22/2020 21:54,12/29/2020 22:58,12/26/2020,202012,5.95,2.6, ,0.064,<,0.006, ,0.011, ,0.029, ,0.175, ,0.252, ,0.034, ,0.102,0,-9,999,19.558,19.558,w ,            ,
CA75,TW4390SW,1/19/2021 20:26,1/26/2021 23:40,1/23/2021,202101,5.84,2.8, ,0.06, ,0.011, ,0.024, ,0.071, ,0.161, ,0.227, ,0.091, ,0.128,0,-9,1389.8,45.466,45.466,w ,            ,
CA75,TW4723SW,1/26/2021 23:53,2/2/2021 20:56,1/30/2021,202101,5.59,1.9, ,0.039,<,0.006, ,0.012, ,0.03, ,0.024, ,0.094, ,0.047, ,0.058,0,-9,2825,86.36,86.36,w ,            ,
CA75,TW5177SW,2/9/2021 20:26,2/16/2021 21:12,2/13/2021,202102,5.88,3.4,<,0.023,<,0.006, ,0.008,<,0.01, ,0.339, ,0.508, ,0.028, ,0.154,0,-9,1397.5,24.13,24.13,w ,            ,
CA75,TW5461SW,2/16/2021 21:19,2/23/2021 21:10,2/20/2021,202102,6.21,7.4, ,0.062, ,0.038, ,0.037, ,0.483, ,0.49, ,0.352, ,0.881, ,0.331,0,-9,70.3,2.032,2.032,w ,            ,
CA75,TW5748SW,3/2/2021 23:09,3/9/2021 20:16,3/6/2021,202103,6.47,23.8, ,0.388, ,0.205, ,0.165, ,1.54, ,1.379, ,2.57, ,2.614, ,1.645,0,-9,107.7,4.572,4.572,w ,            ,
CA75,TW6208SW,3/9/2021 20:22,3/16/2021 19:25,3/13/2021,202103,5.99,3.4, ,0.048, ,0.016, ,0.015, ,0.12, ,0.225, ,0.295, ,0.201, ,0.214,0,-9,2817.6,67.31,67.31,w ,            ,
CA75,TW6218SW,3/16/2021 19:31,3/23/2021 20:48,3/20/2021,202103,6.04,3.6, ,0.058, ,0.008, ,0.016, ,0.031, ,0.346, ,0.327, ,0.06, ,0.251,0,-9,2376.9,35.56,35.56,w ,            ,
CA75,TX0562SW,7/13/2021 20:26,7/20/2021 20:14,7/17/2021,202107,6.6,22.9, ,0.405, ,0.059, ,0.135, ,0.233, ,2.241, ,4.309, ,0.43, ,1.886,0,-9,28.7,0.508,0.508,wd,            ,
CA75,TX4556SW,11/2/2021 19:35,11/9/2021 22:42,11/6/2021,202111,5.76,1.9, ,0.066,<,0.006, ,0.012,<,0.008, ,0.083, ,0.084,<,0.02, ,0.102,0,-9,997.7,14.478,14.478,w ,            ,
CA75,TX8060SW,2/8/2022 19:36,2/15/2022 20:14,2/12/2022,202202,6.35,5.8, ,0.217, ,0.021, ,0.023, ,0.088, ,0.488, ,0.453, ,0.138, ,0.216,0,-9,724.4,11.684,11.684,w ,            ,
CA75,TX8228SW,2/15/2022 20:15,2/22/2022 17:41,2/19/2022,202202,5.97,6.4, ,0.118, ,0.021, ,0.021, ,0.15, ,0.55, ,0.386, ,0.196, ,0.237,0,-9,286.2,9.906,9.906,w ,            ,
CA75,TX8592SW,2/22/2022 17:43,3/1/2022 22:02,2/26/2022,202202,6.11,3.6, ,0.081, ,0.015, ,0.014, ,0.107, ,0.278, ,0.241, ,0.199, ,0.137,0,-9,794,12.954,12.954,w ,            ,
CA75,TX9118SW,3/1/2022 22:17,3/8/2022 17:55,3/5/2022,202203,6.17,4.6, ,0.065, ,0.01, ,0.012, ,0.12, ,0.436, ,0.453, ,0.084, ,0.314,0,-9,1783.5,38.1,38.1,w ,            ,
CA75,TX9689SW,3/22/2022 18:12,3/29/2022 18:13,3/26/2022,202203,6.09,3.3, ,0.107, ,0.011, ,0.018, ,0.041, ,0.239, ,0.325, ,0.058, ,0.142,0,-9,875.1,12.446,12.446,w ,            ,
CA75,TY0617SW,4/12/2022 17:15,4/19/2022 17:02,4/16/2022,202204,6.5,10.7, ,0.257, ,0.029, ,0.032, ,0.086, ,1.109, ,1.225, ,0.165, ,0.615,0,-9,636.2,9.906,9.906,w ,            ,
CA75,TY0606SW,4/19/2022 17:05,4/26/2022 18:23,4/23/2022,202204,6.17,4.9, ,0.099, ,0.027, ,0.026, ,0.195, ,0.342, ,0.26, ,0.278, ,0.361,0,-9,1908.5,39.116,39.116,w ,            ,
CA75,TY4432SW,8/2/2022 19:35,8/9/2022 20:10,8/6/2022,202208,6.23,9.5, ,0.292, ,0.038, ,0.163, ,0.051, ,0.831, ,1.736, ,0.114, ,0.268,0,-9,524.6,9.144,9.144,w ,            ,
CA75,TY7649SW,10/25/2022 17:21,11/1/2022 23:10,10/29/2022,202210,6.81,20.5, ,2.379, ,0.163, ,0.309, ,0.14, ,0.336, ,2.415, ,0.198, ,1.111,0,-9,34.9,26.924,26.924,w ,            ,
CA75,TY8088SW,11/1/2022 23:14,11/8/2022 19:00,11/5/2022,202211,6.31,5.2, ,0.184, ,0.019, ,0.031, ,0.098, ,0.431, ,0.347, ,0.063, ,0.253,0,-9,5760,110.49,110.49,w ,            ,
CA75,TY9358SW,11/29/2022 23:37,12/6/2022 21:30,12/3/2022,202212,5.31,2.2,<,0.008,<,0.004,<,0.006,<,0.008, ,0.023, ,0.066,<,0.02, ,0.123,0,-9,7008.1,103.632,103.632,w ,            ,
CA75,TY8913SW,12/6/2022 21:35,12/13/2022 21:43,12/10/2022,202212,5.55,2.9, ,0.031, ,0.012, ,0.012, ,0.123, ,0.056, ,0.084, ,0.222, ,0.18,0,-9,5288.1,104.394,104.394,w ,            ,
CA75,TY9489SW,12/28/2022 20:28,1/3/2023 21:29,12/31/2022,202212,5.46,1.6,<,0.008,<,0.004,<,0.006,<,0.008, ,0.018, ,0.054,<,0.02, ,0.031,0,-9,11740.7,197.612,197.612,w ,            ,
CA75,TZ0887SW,1/24/2023 21:27,1/31/2023 21:32,1/28/2023,202301,6.2,14.3, ,0.078, ,0.045, ,0.043, ,0.565, ,0.86, ,1.572, ,0.985, ,0.523,0,-9,38.9,0.762,0.762,w ,            ,
CA75,TZ0893SW,1/31/2023 21:38,2/7/2023 21:49,2/4/2023,202302,5.7,2.2, ,0.011, ,0.007, ,0.01, ,0.075, ,0.075, ,0.097, ,0.132, ,0.062,0,-9,2166.1,34.544,34.544,w ,            ,
CA75,TZ3883SW,4/25/2023 18:21,5/2/2023 18:13,4/29/2023,202304,6.38,7.3, ,0.134, ,0.03, ,0.036, ,0.185, ,0.649, ,0.474, ,0.236, ,0.44,0,-9,710.1,16.256,16.256,w ,            ,
CA75,TZ4221SW,5/2/2023 18:15,5/9/2023 20:55,5/6/2023,202305,6.4,9.2, ,0.174, ,0.033, ,0.041, ,0.152, ,0.931, ,0.754, ,0.228, ,0.455,0,-9,864,11.43,11.43,w ,            ,
CA75,TZ6622SW,7/18/2023 16:34,7/25/2023 17:20,7/22/2023,202307,6.34,11.1, ,0.252, ,0.04, ,0.166, ,0.06, ,1.089, ,1.462, ,0.106, ,0.805,0,-9,506.9,9.652,9.652,w ,            ,
CA75,TZ7817SW,8/16/2023 17:37,8/22/2023 17:40,8/19/2023,202308,6.12,5.8, ,0.058, ,0.008, ,0.031, ,0.016, ,0.602, ,0.639, ,0.047, ,0.196,0,-9,3711.4,51.054,51.054,w ,            ,
CA75,TZ9068SW,9/26/2023 17:04,10/2/2023 17:25,9/29/2023,202309,6.31,6.5, ,0.104, ,0.017, ,0.026, ,0.06, ,0.693, ,0.509, ,0.09, ,0.264,0,-9,1051.1,15.494,15.494,w ,            ,
CA75,UA0790SW,11/14/2023 21:59,11/21/2023 23:20,11/18/2023,202311,5.84,2.8, ,0.027,<,0.004, ,0.013, ,0.03, ,0.177, ,0.305, ,0.044, ,0.109,0,-9,2184.6,33.782,33.782,w ,            ,
CA75,UA1864SW,12/12/2023 18:35,12/19/2023 19:11,12/16/2023,202312,5.39,2.3,<,0.008,<,0.004, ,0.017,<,0.008, ,0.025, ,0.141,<,0.02, ,0.054,0,-9,1787.9,28.194,28.194,w ,            ,
CA75,UA2170SW,12/19/2023 19:12,12/26/2023 16:29,12/23/2023,202312,5.91,2.4, ,0.035,<,0.004, ,0.009, ,0.016, ,0.173, ,0.253,<,0.02, ,0.067,0,-9,565.9,8.89,8.89,w ,            ,
CA75,UA2402SW,12/26/2023 16:31,1/2/2024 18:38,12/30/2023,202312,5.62,2.5, ,0.008,<,0.004, ,0.006, ,0.009, ,0.154, ,0.292,<,0.02, ,0.042,0,-9,509,8.128,8.128,w ,            ,
CA75,UA2578SW,1/2/2024 18:42,1/9/2024 20:06,1/6/2024,202401,5.47,2.1, ,0.016,<,0.004, ,0.011, ,0.021, ,0.048, ,0.123, ,0.039, ,0.055,0,-9,2363.4,55.118,55.118,w ,            ,
CA75,UA3042SW,1/9/2024 20:06,1/16/2024 21:14,1/13/2024,202401,5.57,2, ,0.009,<,0.004, ,0.016, ,0.009, ,0.084, ,0.155, ,0.021, ,0.041,0,-9,1530.9,31.496,31.496,w ,            ,
CA75,UA3334SW,1/16/2024 21:14,1/23/2024 19:25,1/20/2024,202401,5.33,2.2,<,0.008,<,0.004, ,0.008,<,0.008,<,0.014, ,0.144,<,0.02, ,0.031,0,-9,1917.3,28.448,28.448,w ,            ,
CA75,UA3288SW,1/23/2024 19:31,1/30/2024 18:20,1/27/2024,202401,5.13,3.7, ,0.012,<,0.004, ,0.008, ,0.021, ,0.024, ,0.346, ,0.053, ,0.056,0,-9,241.9,4.826,4.826,w ,            ,
CA75,UA3690SW,1/30/2024 18:22,2/6/2024 19:14,2/3/2024,202402,5.5,1.8, ,0.012,<,0.004,<,0.006, ,0.025, ,0.025, ,0.081, ,0.045, ,0.045,0,-9,8270.8,134.62,134.62,w ,            ,
CA75,UA3827SW,2/6/2024 19:16,2/13/2024 22:04,2/10/2024,202402,5.64,2.5, ,0.015,<,0.004,<,0.006, ,0.07, ,0.104, ,0.183, ,0.119, ,0.078,0,-9,2092.7,44.196,44.196,w ,            ,
CA75,T2400285,2/20/2024 19:27,2/27/2024 19:49,2/24/2024,202402,6.02,4.5, ,0.025, ,0.028, ,0.017, ,0.241, ,0.235, ,0.274, ,0.419, ,0.194,0,-9,1757.3,28.194,28.194,w ,            ,
CA75,T2400655,3/7/2024 22:00,3/12/2024 21:29,3/10/2024,202403,6.09,9.3, ,0.108, ,0.02, ,0.047, ,0.098, ,0.863, ,1.184, ,0.148, ,0.445,0,-9,50.7,0.508,0.508,w ,            ,
CA75,T2401133,3/19/2024 21:10,3/26/2024 21:07,3/23/2024,202403,5.86,3.3, ,0.054, ,0.012, ,0.015, ,0.066, ,0.221, ,0.282, ,0.116, ,0.175,0,-9,3095.4,54.864,54.864,w ,            ,
CA75,T2401330,3/26/2024 21:09,4/2/2024 22:00,3/30/2024,202403,5.87,3.1, ,0.024, ,0.006, ,0.014, ,0.031, ,0.266, ,0.321, ,0.064, ,0.178,0,-9,3252.3,58.674,58.674,w ,            ,
CA75,T2401857,4/2/2024 22:04,4/9/2024 17:25,4/6/2024,202404,5.99,3.6, ,0.044, ,0.02, ,0.017, ,0.164, ,0.19, ,0.162, ,0.288, ,0.177,0,-9,1680,47.244,47.244,w ,            ,
CA75,T2401864,4/9/2024 17:29,4/16/2024 16:47,4/13/2024,202404,5.97,2.6, ,0.129, ,0.016, ,0.039, ,0.034, ,0.092, ,0.166, ,0.035, ,0.133,0,-9,2039.4,38.608,38.608,w ,            ,
CA75,T2402654,4/23/2024 17:28,4/29/2024 20:46,4/26/2024,202404,6.04,6.8, ,0.1, ,0.022, ,0.04, ,0.086, ,0.612, ,0.635, ,0.138, ,0.478,0,-9,2143.3,33.782,33.782,w ,            ,
CA75,T2402659,4/29/2024 20:46,5/6/2024 15:25,5/3/2024,202405,5.94,3.2, ,0.061, ,0.01, ,0.023, ,0.028, ,0.226, ,0.286, ,0.055, ,0.188,0,-9,1798.4,29.718,29.718,w ,            ,
CA75,T2408753,10/30/2024 17:32,11/5/2024 21:55,11/2/2024,202411,5.36,6.5, ,0.129, ,0.014, ,0.036, ,0.027, ,0.324, ,0.844, ,0.055, ,0.313,0,-9,113.9,1.524,1.524,w ,            ,
CA75,T2409429,11/12/2024 22:22,11/19/2024 21:25,11/16/2024,202411,5.35,6.5, ,0.052, ,0.028, ,0.016, ,0.247, ,0.289, ,0.785, ,0.431, ,0.403,0,-9,587.5,11.43,11.43,w ,            ,
CA75,T2409658,11/19/2024 21:32,11/26/2024 19:16,11/23/2024,202411,5.56,1.5, ,0.014,<,0.004,<,0.006,<,0.008, ,0.015, ,0.052,<,0.02, ,0.028,0,-9,9214.7,-9.99,135.73,w ,            ,
CA75,T2410077,11/26/2024 19:18,12/3/2024 22:43,11/30/2024,202411,5.48,1.7,<,0.008,<,0.004,<,0.006,<,0.008,<,0.014, ,0.051,<,0.02, ,0.022,0,-9,1314.2,20.574,20.574,w ,            ,
CA75,T2500565,12/17/2024 22:48,12/24/2024 20:14,12/21/2024,202412,5.46,2.9, ,0.033, ,0.005, ,0.023, ,0.038, ,0.11, ,0.205, ,0.046, ,0.108,0,-9,827.8,18.542,18.542,w ,            ,
CA75,T2500568,12/24/2024 20:19,12/31/2024 21:11,12/28/2024,202412,5.39,1.7, ,0.014,<,0.004,<,0.006,<,0.008,<,0.014, ,0.045,<,0.02, ,0.026,0,-9,1742,28.448,28.448,w ,            ,
CA75,T2500786,12/31/2024 21:11,1/7/2025 21:04,1/4/2025,202501,5.34,4.9, ,0.036, ,0.007, ,0.116, ,0.03, ,0.248, ,0.801, ,0.051, ,0.166,0,-9,150.7,2.032,2.032,w ,            ,
